sex,location
Male,Location3
Female,Location3
Male,Location3
Male,Location3
Female,Location3
Female,Location3
Female,Location3
Male,Location3
Female,Location3
Male,Location3
Male,Location3
Female,Location3
Female,Location3
Female,Location3
Female,Location3
Female,Location3
Female,Location3
Male,Location3
Female,Location3
Male,Location3
Female,Location3
Male,Location3
Male,Location3
Male,Location3
Male,Location3
Male,Location3
Male,Location3
Male,Location3
Male,Location3
Male,Location3
Male,Location3
Male,Location3
Male,Location3
Male,Location3
Male,Location1
Male,Location2
Male,Location3
Male,Location1
Male,Location1
Male,Location1
Male,Location1
Male,Location2
Male,Location3
Male,Location2
Male,Location1
Male,Location2
Male,Location1
Male,Location1
Male,Location2
Male,Location2
Male,Location3
Male,Location2
Male,Location3
Male,Location2
Male,Location2
Male,Location2
Male,Location2
Male,Location1
Male,Location3
Male,Location2
Male,Location1
Male,Location1
Male,Location2
Male,Location3
Male,Location2
Male,Location2
Male,Location1
Male,Location3
Male,Location1
Male,Location3
Male,Location1
Male,Location3
Male,Location1
Male,Location2
Male,Location1
Male,Location1
Male,Location1
Male,Location3
Male,Location3
Male,Location3
Male,Location2
Male,Location2
Male,Location2
Male,Location3
Male,Location3
Male,Location2
Male,Location2
Male,Location3
Male,Location1
Male,Location2
Male,Location1
Male,Location3
Male,Location1
Male,Location2
Male,Location3
Male,Location2
Male,Location2
Male,Location2
Male,Location1
Male,Location3